{"cameraMode":{"drawMode":0,"name":"Shaded","section":"Shading Mode"},"sceneLighting":false,"audioPlay":false,"sceneViewState":{"showFog":true,"showMaterialUpdate":false,"showSkybox":false,"showFlares":true,"showImageEffects":true,"showParticleSystems":true},"in2DMode":false,"pivot":{"x":-1.3178318738937379,"y":10.600184440612793,"z":0.6246745586395264},"rotation":{"x":-0.0007229506736621261,"y":0.6090925931930542,"z":-0.0005516031524166465,"w":-0.7931055426597595},"size":2.19983172416687,"orthographic":false}