{"cameraMode":{"drawMode":0,"name":"Shaded","section":"Shading Mode"},"sceneLighting":false,"audioPlay":false,"sceneViewState":{"showFog":true,"showMaterialUpdate":false,"showSkybox":true,"showFlares":true,"showImageEffects":true,"showParticleSystems":true},"in2DMode":false,"pivot":{"x":10.206838607788086,"y":0.33871275186538699,"z":-4.852022647857666},"rotation":{"x":-0.07819846272468567,"y":-0.8284176588058472,"z":0.11962796747684479,"w":-0.541640043258667},"size":1.7598659992218018,"orthographic":false}