{"cameraMode":{"drawMode":0,"name":"Shaded","section":"Shading Mode"},"sceneLighting":false,"audioPlay":false,"sceneViewState":{"showFog":true,"showMaterialUpdate":false,"showSkybox":false,"showFlares":true,"showImageEffects":true,"showParticleSystems":true},"in2DMode":false,"pivot":{"x":6.892514228820801,"y":2.884108781814575,"z":5.273129940032959},"rotation":{"x":0.035876501351594928,"y":0.7325059771537781,"z":-0.038718853145837787,"w":0.6787168383598328},"size":2.222209930419922,"orthographic":false}